Event ID,Title,Address,Description,Created At,Start Date,End Date,Start Time,End Time,Capacity,Preferences,Skills Required,Location,Category IDs,Status,Rating,User ID
EV00001,Event EV00001,Unit 2850 Box 2656 DPO AA 28625,Why administration behind medical. Bar make seat. Letter walk give. Price ask sit professor. Measure national court security.,2024-06-08T08:06:10,2024-10-30T06:11:50,2024-11-07T14:34:13,2024-10-31T13:14:28,2024-11-06T01:54:04,73,preference_Sports;preference_Environment,skills_Marketing;skills_Cooking;skills_Teaching,location_Shah Alam,,upcoming,4.9,OG00005
EV00002,Event EV00002,"74494 Underwood Stravenue Apt. 264 Floresside, PR 46398",Outside range although section receive sea Democrat interview. Song statement position rule well themselves. Quite theory chance. Office would similar behavior role career.,2024-01-02T03:35:33,2024-04-25T21:46:24,2024-05-09T19:42:40,2024-05-19T19:30:09,2024-04-29T18:43:03,78,preference_Volunteer,skills_Event Management;skills_Technical Support,location_Alor Setar,,upcoming,4.6,OG00002
EV00003,Event EV00003,"70113 Smith Trafficway East Rachelfurt, HI 04526",Determine effort indicate catch. Crime offer scientist arrive people research. Establish serious food.,2024-01-22T05:49:21,2024-11-18T05:22:08,2024-12-15T05:56:03,2024-11-27T11:07:39,2024-11-29T04:18:08,16,preference_Environment;preference_Art,skills_Teaching,location_Kuala Lumpur,,upcoming,2.1,OG00002
EV00004,Event EV00004,"3014 Steven Union Apt. 505 Anthonytown, CT 81475",Answer keep animal. Clear notice voice than dark range. To arm new admit. Ready produce build. Wear night enter middle.,2024-08-09T21:21:43,2024-10-09T07:03:04,2024-11-25T21:49:34,2024-08-13T14:54:24,2024-10-24T18:42:27,41,preference_Education;preference_Health,skills_First Aid,location_George Town,,upcoming,3.6,OG00005
EV00005,Event EV00005,"9588 Jason Creek Margaretview, IL 51975",Science wait south pull avoid do raise. Modern break money himself. While such accept above professor room add. Could arrive reach million fly yourself month. Lead respond sea manager up begin report.,2024-05-07T06:30:40,2024-08-09T10:19:39,2024-11-14T12:53:57,2024-06-28T17:40:03,2024-11-30T06:33:46,28,preference_Education;preference_Volunteer,skills_Technical Support,location_Sandakan,,upcoming,2.5,OG00003
EV00006,Event EV00006,"53968 Brown Streets Arroyomouth, NY 73708",Piece contain arrive question land best face. Environment Congress movement page first. Find discussion weight woman response he. Able people professional. Play imagine method. Seat possible bag evidence oil.,2024-01-02T18:29:45,2024-04-09T16:50:28,2024-12-02T17:44:34,2024-07-25T16:13:37,2024-06-06T12:24:54,81,preference_Environment,skills_Teaching;skills_Marketing,location_Malacca,,upcoming,2.2,OG00005
EV00007,Event EV00007,"309 Wilson Route Suite 265 Toddfort, FL 85221",View center pattern dog student sure it great. Newspaper bring dog official modern area audience. Second later do ever new morning. Offer budget bad wrong decision. See century edge all study accept key. Purpose start turn fund.,2024-05-21T02:16:19,2024-06-23T06:12:22,2024-07-05T04:37:23,2024-09-27T20:14:28,2024-11-21T20:59:44,35,preference_Volunteer;preference_Community Service,skills_Fundraising;skills_Event Management;skills_Teaching,location_Shah Alam,,upcoming,3.4,OG00005
EV00008,Event EV00008,"8459 Powell Ports Suite 864 Port Sharon, CO 41739",Ground record seek include indicate possible. World agency option whom current time push. Author space win explain about. Citizen deal develop keep not network. Positive half play force.,2024-12-09T02:14:48,2024-12-13T21:38:12,2024-12-14T01:17:09,2024-12-17T17:16:48,2024-12-14T01:14:15,89,preference_Education;preference_Sports,skills_Cooking,location_Kota Kinabalu,,upcoming,2.6,OG00006
EV00009,Event EV00009,"0494 Paul Trace Suite 539 Fuentesborough, OK 70144",Either along dream agent. Wish nice performance seat fall ability. Before design road watch.,2024-06-09T08:08:12,2024-07-13T06:10:01,2024-10-16T15:49:44,2024-07-11T03:55:57,2024-09-25T04:03:37,33,preference_Health,skills_Fundraising;skills_Marketing;skills_Technical Support,location_Kuala Lumpur,,upcoming,3.2,OG00003
EV00010,Event EV00010,"PSC 2536, Box 2999 APO AP 33431",Up finish peace nature. Attack five man traditional. Lead hope development bit difference. Box together project music wife.,2024-05-04T16:54:19,2024-10-25T00:54:43,2024-11-28T05:34:49,2024-05-13T20:51:23,2024-12-04T02:49:20,30,preference_Art,skills_Event Management;skills_Communication,location_Malacca,,upcoming,5.0,OG00004
