Event ID,Title,Address,Description,Created At,Start Date,End Date,Start Time,End Time,Capacity,Preferences,Skills Required,Location,Latitude,Longitude,Category IDs,Status,Rating,User ID
EV00001,Event EV00001,"412 Tran Bypass Port Robert, KY 08055",Draw degree degree against nearly share establish. Possible teacher tend opportunity various business kitchen finally. Quite myself friend consumer his traditional against. Bill threat could detail reveal event value leader. Toward agent production officer bar structure. Make fly more exactly leg buy.,2024-10-23T04:52:44,2024-12-13T18:48:48,2024-12-20T17:44:02,2024-11-09T06:27:29,2024-12-17T17:03:57,100,preference_Health;preference_Volunteer,skills_Cooking;skills_Event Management;skills_Communication,location_Selangor,-29.640547,-150.074245,,upcoming,3.0,OG00006
EV00002,Event EV00002,"73925 Steven River Suite 224 South Caroline, GU 87453",Question office second between theory. Bit remember light individual green. Matter local science indeed.,2024-06-29T10:37:50,2024-11-30T08:57:59,2024-12-03T14:06:06,2024-09-08T17:34:07,2024-12-17T02:53:37,80,preference_Community Service;preference_Art,skills_Teaching;skills_First Aid,location_Perlis,-60.759039,-16.511466,,upcoming,3.1,OG00002
EV00003,Event EV00003,"728 Hanson Bridge New Daniel, FM 43185",Day along over look board growth argue. Yard pretty business action easy issue. Energy military carry call. Commercial style hard of type create. What group federal there usually American.,2024-08-21T07:39:42,2024-11-15T12:07:06,2024-11-21T18:01:17,2024-08-30T14:39:02,2024-11-19T00:44:12,47,preference_Health;preference_Sports,skills_Event Management;skills_Teaching;skills_Communication,location_Penang,-36.997673,-157.61976,,upcoming,4.8,OG00005
EV00004,Event EV00004,"97273 Williams Road Apt. 736 West Elizabeth, WA 44362",Teacher style realize cause possible question trouble loss. Team then area alone pretty build. Forward I he media lawyer. Note real decade theory. Morning take rate ground Congress policy. Realize kitchen party little present PM design property.,2024-10-30T23:07:36,2024-12-19T16:48:18,2024-12-25T23:49:53,2024-12-05T03:49:17,2024-12-23T10:08:36,58,preference_Sports;preference_Environment,skills_Communication;skills_Technical Support,location_Pahang,76.508406,-92.395802,,upcoming,3.7,OG00002
EV00005,Event EV00005,"30986 Stephen Mill Suite 551 Johnmouth, AK 47838",Cup rather feel myself machine how into time. Sound final central cut myself day. It now concern fire beat again.,2024-02-13T16:08:35,2024-07-21T05:09:27,2024-10-13T17:45:47,2024-08-07T00:02:14,2024-08-06T20:20:14,30,preference_Environment,skills_Leadership;skills_Event Management;skills_Fundraising,location_Negeri Sembilan,0.710753,152.265082,,upcoming,4.4,OG00002
EV00006,Event EV00006,"94816 Walker Lakes North Jamie, KY 17713",House prove but think very kitchen. Analysis wrong tax sister force race you. Election important center spring play. Themselves green amount walk above. Government bag place she. Tell table small center painting.,2024-10-02T19:30:52,2024-12-26T09:15:12,2024-12-28T12:02:09,2024-12-12T01:48:50,2024-12-28T10:21:20,81,preference_Education,skills_Leadership;skills_Cooking;skills_Marketing,location_Malacca,-62.134227,-79.744819,,upcoming,2.8,OG00011
EV00007,Event EV00007,"PSC 5933, Box 5230 APO AP 86047",Again traditional term north join oil least. Where federal beyond born. Know commercial simple. Republican after peace real society clearly indeed to. Type choice green exist respond.,2024-10-31T09:24:34,2024-12-05T06:00:59,2024-12-17T02:36:27,2024-11-03T13:17:15,2024-12-21T12:06:26,74,preference_Volunteer;preference_Environment,skills_Technical Support;skills_Teaching,location_Kuala Lumpur,-48.880798,-170.777101,,upcoming,3.6,OG00013
EV00008,Event EV00008,"PSC 9549, Box 5359 APO AA 46017",Ahead option peace sometimes. Someone community already. Question watch report true hot church.,2024-02-13T19:23:29,2024-05-20T16:26:38,2024-07-03T05:04:27,2024-05-05T14:00:28,2024-12-12T20:03:57,87,preference_Volunteer;preference_Outdoor,skills_Technical Support,location_Kelantan,-82.742692,-85.468996,,upcoming,4.6,OG00009
EV00009,Event EV00009,"722 Dawson Hollow Apt. 609 Roberthaven, OR 65914",His way what for. Modern prove PM new another pretty. Realize score near cover. Half including shake ok technology modern show sit. I head adult nor practice play amount. Recently past school style risk.,2024-05-26T15:28:17,2024-09-24T03:45:39,2024-09-30T17:15:10,2024-08-19T11:12:46,2024-10-02T02:56:57,87,preference_Art;preference_Sports,skills_Technical Support;skills_Marketing;skills_Event Management,location_Pahang,20.734052,74.241646,,upcoming,1.5,OG00007
EV00010,Event EV00010,"18166 Murphy Causeway Smithfort, MT 69540",Operation according next difficult last. Design store along because finally. Positive avoid early anyone various reason yourself tough. Know effect range health health.,2024-10-05T05:02:41,2024-11-12T02:00:02,2024-12-08T04:58:18,2024-11-04T04:28:59,2024-11-18T09:13:49,40,preference_Education;preference_Health,skills_Event Management,location_Kelantan,86.478781,73.923206,,upcoming,1.8,OG00012
EV00011,Event EV00011,"8701 Nicole Village Suite 600 East Garyborough, VA 43155",Without own moment dog born place think beat. West improve daughter create face. Race expect ability reality voice produce somebody. View very computer rock various society important.,2024-11-16T02:57:10,2024-12-27T10:15:23,2024-12-28T11:52:47,2024-12-03T19:03:55,2024-12-27T17:15:14,76,preference_Outdoor,skills_Technical Support;skills_Teaching,location_Perlis,72.944576,-50.553307,,upcoming,1.4,OG00012
EV00012,Event EV00012,"12124 Parsons Bridge Port Amberburgh, MN 18761",Voice safe officer pass page nearly project. Time like ago thought free value yourself. Crime work true.,2024-04-25T21:52:59,2024-06-14T02:14:38,2024-09-27T11:36:15,2024-05-08T20:13:54,2024-08-10T11:33:19,51,preference_Sports,skills_Communication;skills_Event Management,location_Pahang,-22.627408,138.726881,,upcoming,3.7,OG00008
EV00013,Event EV00013,"97642 Nicole Extension West Kristen, NV 09302",Boy fact various participant. Eye public series. Dream base argue. Toward friend quite without why pressure.,2024-12-08T18:34:58,2024-12-29T12:27:35,2024-12-29T12:27:35.464554,2024-12-14T01:47:21,2024-12-29T12:27:35.801396,15,preference_Environment;preference_Health,skills_Communication,location_Selangor,63.449427,125.545,,upcoming,1.3,OG00009
